Title,Address,WebSite,PhoneNumber
Sohostel,"91 Dean Street, London, GB, XGL, W1D 3SY",Unclaimed,020 8821 5154
YHA London Central,"104 Bolsover Street, London, GB, XGL, W1W 5NU",yha.org.uk,0845 371 9154
The Hoxton - Shoreditch,"81-83 Great Eastern Street, London, GB, XGL, EC2A 3HU",Unclaimed,020 7550 1000
Wombat&apos;s City Hostel London,"7 Dock Street, London, GB, XGL, E1 8LL",wombats-hostels.com,020 7680 7600
Palmers Lodge,"Swiss Cottage
40 College Crescent, London, GB, XGL, NW3 5LB",palmerslodges.com,020 7483 8470
The Dictionary Hostel,"12-20 Kingsland Road, London, GB, XGL, E2 8DA",thedictionaryhostel.com,020 7613 2784
Woodville Guesthouse,"35 Woodville Road
Walthamstow, London, GB, XGL, E17 7ER",Unclaimed,07901 155500
Generator London,"37 Tavistock Place, London, GB, XGL, WC1H 9SE",generatorhostels.com,020 7388 7666
St Christophers Inn,"121 Borough High Street, London, GB, XGL, SE1 1NP",Unclaimed,020 7407 2392
Astor Victoria,"71 Belgrave Road, London, GB, XGL, SW1V 2BG",Unclaimed,020 7834 3077
Holland House,"53 Eccleston Square, London, GB, XGL, SW1V 1PG",Unclaimed,020 7834 9104
Bestplace,"41-42 Cosser Street, London, GB, XGL, SE1 7BU",bestplaceinns.com,020 7928 0720
Clink 78,"78 Kings Cross Road, London, GB, XGL, WC1X 9QG",clinkhostels.com,020 7183 9400
Queen Elizabeth Hostel,"58 Bagleys Lane
Hammersmith, London, GB, XGL, SW6 2BH",Unclaimed,0844 472 1800
The Walrus Bar and Hostel,"172 Westminster Bridge Road, London, GB, XGL, SE1 7RW",Menus | The Walrus Bar and Hostel http://thewalrusbarandhostel.co.uk/bar/assets/walrus_bh_menu.pdf,020 7928 4368
Arsenal Tavern Backpackers,"175 Blackstock Road, London, GB, XGL, N4 2JS",Unclaimed,020 7359 6902
Astor Museum Inn,"27 Montague Street
City of London
Greater London, London, GB, XGL, WC1B 5BH",astorhostels.co.uk,020 7580 5360
St Christopher&apos;s,"28 Hammersmith Broadway, London, GB, XGL, W6 7AB",st-christophers.co.uk/london-h…,020 8748 5285
The Fun Factory,"16a Cato Road
Clapham, London, GB, XGL, SW4 7TX",Unclaimed,
Astor Kensington,"45 Queensborough Terrace, London, GB, XGL, W2 3SY",astorhostels.com,020 7229 7782
Qbic Hotel ,"42 Adler Street, London, GB, XGL, E1 1EE",qbichotels.com/london-city,020 3021 3300
YHA London St Pancras,"79-81 Euston Road, London, GB, XGL, NW1 2QE",yha.org.uk,0845 371 9344
The Royal Horseguards Hotel,"2 Whitehall Court, London, GB, XGL, SW1A 2EJ",theroyalhorseguards.com,0871 376 9033
Camden Inn Hostel,"55-57 Bayham Street
Camden, London, GB, XGL, NW1 0AA",Unclaimed,0844 472 1800
Pickwick Hall,"7 Bedford Place, London, GB, XGL, WC1B 5JE",pickwickhall.co.uk,020 7323 4958
LSE High Holborn Residence,"178 High Holborn, London, GB, XGL, WC1V 7AA",lsevacations.co.uk/Accommodati…,020 7107 5737
Smart Camden Inn,"55-57 Bayham Street
Camden Town, London, GB, XGL, NW1 0AA",Unclaimed,020 7388 8900
Travel Joy Hostel,"111Grosvenor Road, London, GB, XGL, SW1V 3LG",traveljoyhostels.com,020 7834 9689
easyHotel - Victoria,"34-40 Belgrave Road, London, GB, XGL, SW1V 1RG",Booking.com,020 7834 1379
Staysafe,"144-152 Walworth Road
Elephant &amp; Castle, London, GB, XGL, SE17 2NG",Unclaimed,
Bowden Court,"11 Belgrave Road, London, GB, XGL, SW1V 1RB",Unclaimed,020 3553 7280
Park Villa Boutique Hostel,"51 Grove Road
Bow, London, GB, XGL, E3 4PE",Unclaimed,020 8980 1439
Astor Hyde Park,"191 Queensgate
South Kensington, London, GB, XGL, SW7 5EU",astorhostels.co.uk,020 7581 0103
Cherry Court Hotel,"23 Hugh Street, London, GB, XGL, SW1V 1QJ",cherrycourthotel.co.uk,020 7828 2840
Bird&apos;s Nest Bar and Hostel,"32 Deptford Church St, London, GB, XGL, SE8 4RZ",Unclaimed,020 8692 1928
Don Gratton House,"Don Gratton House
82 Old Montague Street, London, GB, XGL, E1 5NN",Unclaimed,0870 600 4777
Venture Hostel,"86 Tanners Hill, London, GB, XGL, SE8 4PN",Unclaimed,020 8692 6219
Alliance House,"44-45 Newington Green, London, GB, XGL, N16 9QH",Unclaimed,020 7288 8060
Northfields Hostel,"264 Northfield Avenue
Acton, London, GB, XGL, W3 0NW",Unclaimed,0844 472 1800
Baden Powell House,"65-67 Queen&apos;s Gate, London, GB, XGL, SW7 5JS",Unclaimed,020 7590 6909
Earl&apos;s Court Youth Hostel,"38 Bolton Gardens, London, GB, XGL, SW5 0AQ",yha.org.uk/find-accommodation/…,0345 371 9114
Safestay,"144-152 Walworth Road
Elephant and Castle, London, GB, XGL, SE17 1RL",Booking.com,020 7703 8000
YHA Holland Park,"Holland Walk Kensington, London, GB, XGL, W8 7QU",Unclaimed,0845 371 9122
London Backpackers,"8-10 Queens Parade
Queens Road
Hendon, London, GB, XGL, NW4 3NS",ukhostels.com,020 8203 1319
Palmers Lodge Hillspring,"233 Willesden Lane, London, GB, XGL, NW2 5RP",palmerslodges.com/hillspring,020 7099 2435
High Holborn Hall - Early Summer,"178 High Holborn
Covent Garden, London, GB, XGL, WC1V 7AA",Unclaimed,0844 472 1800
The RE London Shoreditch,"419 - 437 Hackney Road, London, GB, XGL, E2 8PP",hotelshoreditch.com,020 7613 6500
Sally London dfd,"142 London New
Padd, London, GB, XGL, NW7 2RR",Unclaimed,
Restup,"172 New Kent Road, London, GB, XGL, SE1 4YT",restup.co.uk,020 3642 4549
Astor Kensington,"138 Cromwell Road, London, GB, XGL, SW7 4HA",Unclaimed,020 7373 5138
YHA London St. Paul&apos;s,"36 Carter Lane, London, GB, XGL, EC4V 5AB",yha.org.uk,0845 371 9012
Clink 261,"261-265 Gray&apos;s Inn Road, London, GB, XGL, WC1X 8QT",hostelworld.com,020 7183 9400
LSE Bankside House,"24 Sumner Street, London, GB, XGL, SE1 9JA",lsevacations.co.uk,020 7107 5750
City Ymca London,"8 Errol Street, London, GB, XGL, EC1Y 8SE",Unclaimed,020 7628 8832
Northumberland Park House,"143 Northumberland Park, London, GB, XGL, N17 0TR",Unclaimed,020 8808 8839
The W14 Kensington,"16-22 Gunterstone Road, West Kensington, GB, XGL, W14 9BX",Hostels.com,020 7602 6600
Fairway Lodge,"400-408 Stanstead Road
Catford, London, GB, XGL, SE6 4XB",Unclaimed,020 8690 6992
Megaro Hotel,"23-27 Euston Road
St Pancras, London, GB, XGL, WC1H 8AB",hotelmegaro.co.uk,020 7843 2222
Kensington House Hotel,"15-16 Prince of Wales Terrace, London, GB, XGL, W8 5PQ",Unclaimed,020 7937 2345
Alinka Hostel,"52A Brixton Road London, London, GB, XGL, SW9 8HL",Unclaimed,
Smart Hostels,"71-72 Guilford Street, London, GB, XGL, WC1N 1DF",Unclaimed,020 7833 8818
Smart Hyde Park Inn,"48-50 Inverness Terrace, London, GB, XGL, W2 3JA",Unclaimed,
ST. Mungos,"45 Killieser Avenue, London, GB, XGL, SW2 4NX",Unclaimed,020 8674 4597
Revive Lodge Heathrow,"89 Hounslow Road
Feltham, London, GB, XGL, TW14 0BB",Unclaimed,0844 472 1800
Inner Park Road Hostel,"27 Inner Park Road, London, GB, XGL, SW19 6DF",Unclaimed,020 8789 7957
The Nadler Kensington,"25 Courtfield Gardens, London, GB, XGL, SW5 0PG",thenadler.com,020 7244 2255
all star hostel,"Chatsworth Road London, London, GB, XGL, E5 0PS",Unclaimed,
Amro Vantage,"24 Berkeley Square Mayfair, London, GB, XGL, W1J 6HE",amrovantage.com,020 3709 0274
Phoenix Hostel,"6 Daventry Street, London, GB, XGL, NW1 5NX",Unclaimed,020 7724 0705
Shepiston Lodge Heathrow,"31 Shepiston Lane
Middlesex, London, GB, XGL, UB3 1LJ",Unclaimed,020 8573 0266
Harlingford Hotel,"61-63 Cartwright Gardens, London, GB, XGL, WC1H 9EL",Unclaimed,020 7387 1551
InterContinental London Park Lane,"One Hamilton Place
Park Lane, London, GB, XGL, W1J 7QY",Claimed,020 7409 3131
Piccadilly Hotel,"12 Sherwood Street, London, GB, XGL, W1F 7BZ",Unclaimed,020 7434 9009
Abercorn House,"28-30 Bute Gardens, London, GB, XGL, W6 7DS",speedtest.net/result/267…,020 8563 8692
Youth Hostel Association,"104-108 Bolsover Street
Marylebone, London, GB, XGL, W1W 5QQ",-,0870 770 6144
O&apos;Callaghan&apos;s Hostel,"205 Earls Court Road
Kensington, London, GB, XGL, SW5 9AN",Unclaimed,020 7370 3000
Dellow Centre,"82 Wentworth Street, London, GB, XGL, E1 7SA",Unclaimed,020 7375 3915
Eastwards Trust Hostels,"217 Romford Road, London, GB, XGL, E7 9HL",Unclaimed,020 8555 6421
Belgrave Court,"83-87 Prince Regent Lane, London, GB, XGL, E13 8RP",Unclaimed,020 7511 5429
Thames Reach Bondway,"62 Bondway, London, GB, XGL, SW8 1SF",Unclaimed,020 7840 9820
St Christopher&apos;s Inns,"48-50 Camden High Street, London, GB, XGL, NW1 0LT",st-christophers.co.uk,020 7388 1012
Ridley Villas Hostel,"35 Ridley Road, London, GB, XGL, E8 2NP",Unclaimed,020 7275 7852
Journeys London Bridge,"204 Manor Place
Walworth, London, GB, XGL, SE17 3BN",Unclaimed,020 7735 6581
Via Limehouse,"628-634 Commercial Road
Tower Hamlets, London, GB, XGL, E14 7HS",Unclaimed,04420 3588 8484
4 Star Hostel,"91 Jermyn Street, London, GB, XGL, SW1Y 6JB",Unclaimed,020 7930 3111
Barmy Badger Backpackers,"17 Longridge Road, London, GB, XGL, SW5 9SB",Unclaimed,020 7370 5213
High Street Kensington Hostel,"1 Warwick Gardens, London, GB, XGL, W14 8PH",Unclaimed,020 7602 0444
Belsize House,"40 Belsize Park Gardens, London, GB, XGL, NW3 4NA",Unclaimed,020 3740 9804
Dalco Homes,"20 Dukes Avenue, London, GB, XGL, N10 2PT",Unclaimed,020 8444 5138
Roomzzz London Stratford,"66 West Ham Lane, London, GB, XGL, E15 4PT",Unclaimed,020 3909 6400
More House,"53 Cromwell Road, London, GB, XGL, SW7 2EH",Unclaimed,020 7584 2040
Equity Point London,"100-102 Westbourne Ter
Paddington W2 6QE, London, GB, XGL, W2 6",Unclaimed,04420 7087 8001
Caplin House,"330 Commercial Road, London, GB, XGL, E1 2PY",Unclaimed,020 7780 9078
Piccadilly Guest House,"91 Jermyn Street
St Jame&apos;s, London, GB, XGL, SW1Y 6JB",Unclaimed,0845 838 4645
Kipper Project,"15 Old Ford Road, London, GB, XGL, E2 9PJ",Unclaimed,020 8980 1401
Travelodge Hotel,"195 -203 Waterloo Road, London, GB, XGL, SE1 8UX",Unclaimed,0871 984 6291
Yha England &amp; Wales,"Holland House Holland Park, London, GB, XGL, W8 6LU",Unclaimed,020 7937 0748
Yotel,"Heathrow Airport
Terminal 4, Hounslow, GB, XGL, TW6 3XA",yotel.com,020 7100 1100
Atlas Hostels,"16 Talbot Square, London, GB, XGL, W2 1TS",Unclaimed,0845 519 9448
Irish Centre Housing,"20-22 Quex Road, London, GB, XGL, NW6 4PG",Unclaimed,020 7372 6633
Kabo Hostel,"32 Saltoun Road, London, GB, XGL, SW2 1EP",Unclaimed,020 7733 9466
Chester House,"Pages Lane, London, GB, XGL, N10 1PR",Unclaimed,020 8883 8204
Hyde Park Hostel,"26 Inverness Terrace
Bayswater, London, GB, XGL, W2 3HU",Unclaimed,020 7727 9163
"Globetrotter Inns, London","Ashlar Court
Ravenscourt Gardens, London, GB, XWY, W6",Unclaimed,020 8746 3112
Pembury Hotel,"326 - 328 Seven Sisters Road
Finsbury Park, London, GB, XGL, N4 2AP",Unclaimed,0844 472 1800
Moullin House Memorial Hostel Trust,"24-26 Mount Park Road, London, GB, XGL, W5 2RT",Unclaimed,020 8997 4343
The Louisianna,"611 Green Lanes, London, GB, XGL, N8 0RE",Unclaimed,020 8341 0726
St Christopher&apos;s Inn Greenwich,"189 Greenwich High Road, London, GB, XGL, SE10 8JA",st-christophers.co.uk/london-h…,020 8858 3591
641 Fulham Road,"641 Fulham Road, London, GB, XGL, SW6 5PU",Unclaimed,020 7581 5970
Hytyme Managment Services,"261 Barry Road, London, GB, XGL, SE22 0JT",Unclaimed,020 8299 3333
St Christopher&apos;s Village London Bridge,"161 Borough High Street, Southwark, GB, XGL, SE1 1HR",st-christophers.co.uk,020 7939 9710
University of Westminster International House,"1-5 Lambeth Rd, London, GB, XGL, SE1 7DG",Unclaimed,020 7911 5181
Central Hostel,"26 Prince&apos;s Square
Bayswater, London, GB, XGL, W2 4NJ",Unclaimed,020 7727 5807
Sandeman-Allen House,"40 Inverness Terrace, London, GB, XGL, W2 3HB",Unclaimed,020 7727 2719
International Students House,"229 Great Portland Street, London, GB, XGL, W1W 5PN",ish.org.uk,020 7631 8300
Hub Premier Inn,"15 Dacre Street, London, GB, XGL, SW1H 0DJ",Unclaimed,0871 527 9608
Threshold Tennant Trust,"10 Fontenoy Road, London, GB, XGL, SW12 9LU",Unclaimed,020 8675 1000
Casa Dello Studente,"174 Clapham Road, London, GB, XGL, SW9 0LA",Unclaimed,020 7735 3058
Arlington House,"220 Arlington Road, London, GB, XGL, NW1 7HE",Unclaimed,020 7482 3374
Pathway Housing Association,"77 Plough Road, London, GB, XGL, SW11 2BJ",Unclaimed,020 7924 3009
The Rathbone,"30 Rathbone Street, London, GB, XGL, W1T 1LB",rathbonehotel.co.uk,020 7636 2001
Alone In London,"77 Lansdowne Road, London, GB, XGL, N17 0NN",Unclaimed,020 8493 0239
Ackee Housing Project,"103 Stoke Newington Road, London, GB, XGL, N16 8BX",Unclaimed,020 7249 5659
Globe Trott Inns,"Boleyn Tavern
1 Barking Road, London, GB, XGL, E6 1PW",-,020 8471 4284
Journeys Kings Cross Hostel,"54-58 Caledonian Rd
Kings Cross, London, GB, XGL, N1 9DP",Unclaimed,020 7833 3893
Young Women&apos;s Christian Association Of Great Britain,"6-8 Kemplay Road, London, GB, XGL, NW3 1SY",Unclaimed,020 7435 5730
Journeys London East Hostel,"118 Wellington Street, London, GB, XGL, SE18 6XY",Unclaimed,020 8853 9352
St Christopher&apos;s Inn Shepherd&apos;s Bush,"13-15 Shepherds Bush Green
Shepherds Bush, London, GB, XGL, W12 8PH",st-christophers.co.uk/london-h…,020 8735 0270
Downham Lodge,"284 Amhurst Road, London, GB, XGL, N16 7UE",Unclaimed,020 7923 2900
Camden Lock Hotel,"89 Chalk Farm Road
Camden, London, GB, XGL, NW1 8AR",Unclaimed,020 7267 3912
Bed Station,"1st Floor Offices
189-193 Earls Court Road, London, GB, XGL, SW5 9AN",bedstation.co.uk,020 7835 1867
Strand Palace,"372 Strand, London, GB, XGL, WC2R 0JJ",strandpalacehotel.co.uk,020 7379 4737
Newington Court Hostel,"Newington Court
1 Collins Road, London, GB, XGL, N5 2UF",Unclaimed,020 7359 2495
Ibis Budget London Whitechapel,"100 Whitechapel Road, London, GB, XGL, E1 1JG",Unclaimed,020 7655 4620
Tune Hotel,"118-120 Westminster Bridge Road, London, GB, XGL, SE1 7RW",Unclaimed,
Youth Hostels Association,"4 Wellgarth Road, London, GB, XGL, NW11 7HR",Unclaimed,020 8458 7196
Mindset Services,"684a High Road, London, GB, XGL, N17 0AE",Unclaimed,020 8365 0777
The Stafford London,"16-18 St James&apos;s Place, London, GB, XGL, SW1A 1NJ",thestaffordlondon.com/english/…,020 7493 0111
Salvation Army,"153-175 Whitechapel Road, London, GB, XGL, E1",Unclaimed,020 7392 9490
London Hostels Association,"97 Queens Gate, London, GB, XGL, SW7 5AB",Unclaimed,020 7373 4180
Shian Housing Association,"152 Bethune Road, London, GB, XGL, N16 5DS",Unclaimed,020 8800 5060
St Mungos,"188 Vartry Road, London, GB, XGL, N15 6HA",Unclaimed,020 8809 5742
Paradice Homes,"39 Ingleton Road, London, GB, XGL, N18 2RS",Unclaimed,020 8803 1460
Dover Castle,"6 Great Dover Street, London, GB, XGL, SE1 4XW",Unclaimed,020 7403 7773
Bartrams Convent Hostel,"Rowland Hill Street, London, GB, XGL, NW3 2AD",Unclaimed,020 7431 5680
Susan Lawrence Hostel,"170 Kings Cross Road, London, GB, XGL, WC1X 9DH",Unclaimed,
Hyde Park Inn,"48-50 Inverness Terrace, London, GB, XGL, W2 3JA",Unclaimed,020 7229 0000
Euro Tower,"Courland Grove, London, GB, XGL, SW8 2PX",Unclaimed,020 7720 5191
Hostel Acacia London,"14 Queensbury Place
South Kensington London, London, GB, XGL, SW7 2EA",Unclaimed,020 7823 7103
St Georges House,"263 Camden Road, London, GB, XGL, N7 0HS",Unclaimed,020 7607 7989
St Mungon,"146 Mare Street, London, GB, XGL, E8 3SG",Unclaimed,020 8525 0007
Helen Graham House,"57 Great Russell Street
Holborn, London, GB, XGL, WC1B 3BD",Unclaimed,020 8307 3300
The Tower Hotel,"Saint Katharine&apos;s Way, London, GB, XGL, E1W 1LD",guoman.com,0800 330 8005
Youth Hostel Association,"Holland Walk
Kensington, London, GB, XGL, W8 7QU",Unclaimed,0870 770 5866
Hillspring Lodge,"233 Willesden Lane
Willesden, London, GB, XGL, NW2",Unclaimed,0844 472 1800
Keystone House Kings Cross,"272-276 Pentonville Road, London, GB, XGL, N1 9JY",Unclaimed,020 7837 6444
Ymca,"5 Shernhall Street, London, GB, XGL, E17 3EU",Unclaimed,020 8520 1667
UoL Accommodates,"ULU 4th Floor
Malet Street, London, GB, XGL, WC1E 7HY",Unclaimed,04402 0786 28881
Equinox,"100 Queens Road, London, GB, XGL, SE15 2QT",Unclaimed,020 7639 8008
hostelsconnections,"3 coborn rd
london, London, GB, XGL, E3 2DA",Unclaimed,020 8123 0817
Arosfa Hotel,"83 Gower Street, London, GB, XGL, WC1E 6HJ",Unclaimed,020 7636 2115
Regina House,"110 Gloucester Road
South Kensington, London, GB, XGL, SW7 4RJ",Unclaimed,020 7373 5151
Celtic Hotel,"62 Guilford Street, London, GB, XGL, WC1N 1DD",Unclaimed,020 7837 9258
BW Premier Park Grand,"27/37 Hogarth Road
Kensington, London, GB, XGL, SW5 0QQ",Unclaimed,020 7370 6831
Coram Leaving Care Services,"1 Yonge Park, London, GB, XGL, N4 3NU",Unclaimed,020 7607 4341
IQ Kingston,"15 Wood Street, Kingston Upon Thames, GB, XGL, KT1 1TY",Unclaimed,020 8547 3139
TravelStay Hyde Park,", London, GB, XGL, W2",Unclaimed,020 7298 2100
Thames Reach Bondway Housing Association Hostels,"73-75 Stamford Street, London, GB, XGL, SE1 9NB",Unclaimed,020 7928 2497
Emily Bowes Court,"Lebus Street, London, GB, XGL, N17 9FD",Unclaimed,020 8801 3335
Belgrave Hotel,"9-13 Clapham Road, London, GB, XGL, SW9 0JD",Unclaimed,020 7793 0142
Youth Hostels Association,"38 Bolton Gardens, London, GB, XGL, SW5 0AQ",Unclaimed,0870 770 5804
Nothing,"123 Great Garden
Bayswater, London, GB, XGL, W2 1UB",Unclaimed,
MEININGER Hotel London Hyde Park,"65-67 Queen&apos;s Gate, London, GB, XGL, SW7 5JS",meininger-hotels.com,020 3318 1407
Woodthorpe Road Hostel,"3 Woodthorpe Road, London, GB, XGL, SW15 6UQ",Unclaimed,020 8789 5801
St Mungo&apos;s,"113-117 Cedars Road, London, GB, XGL, SW4 0PJ",Unclaimed,020 7720 7377
Sundial Court,"38-42 Chiswell Street, London, GB, XGL, EC1Y 4SB",Unclaimed,020 7588 0417
RMA Accommodation,"156-158 Mile End Road, London, GB, XGL, E1 4LJ",Unclaimed,020 7790 1884
Homeless Young Peoples Project,"43-45 ST. Georges Avenue, London, GB, XGL, E7 8HR",Unclaimed,020 8471 5111
Edmonton Hostel,"1 Church Street, London, GB, XGL, N9 9DR",Unclaimed,020 8345 5415
West Two Hostel London,"22-23 Kensington Garden Square
Bayswater, London, GB, XGL, W2 4BE",Unclaimed,0844 472 1800
Tamworth House,"188 Tamworth Lane, Mitcham, GB, SRY, CR4 1DE",Unclaimed,020 8687 1319
London Eye Hostel,"73 Lambeth Walk
Lambeth, London, GB, XGL, SE11 6DX",Unclaimed,
Grow,"36 Rickmansworth Road, Watford, GB, HRT, WD18 7HT",Unclaimed,01923 256189
Z Hotel Victoria,"5 Lower Belgrave Street, London, GB, XGL, SW1W 0NR",Unclaimed,020 3589 3990
London Hostels Association,"40 Belsize Park Gardens, London, GB, XGL, NW3 4NA",Unclaimed,020 7722 8131
London Hostels Association,"Sandeman Allen
40 Inverness Terrace, London, GB, XGL, W2 3JB",Unclaimed,020 7727 2719
Alliance Club,"44-45 Newington Green, London, GB, XGL, N16 9QH",Unclaimed,020 7226 6085
Ashwell House University Hall Of Residents,"Ashwell House
1b Shepherdess Walk, London, GB, XGL, N1 7BD",Unclaimed,020 7490 3296
Chapel Hill Hostel,"51-55 Chapel Hill, Dartford, GB, KEN, DA1 4BY",Unclaimed,01322 553201
The Court Hostel,"194-196 Earls Court Road
Earls Court, London, GB, XGL, SW5 9QF",Unclaimed,04402 0737 30027
The Lodge,"44 Norfolk Square, London, GB, XGL, W2 1RT",Unclaimed,020 7262 4406
St Mungos Housing Association,"Pagnell Street Hostel
Exeter Way, London, GB, XGL, SE14 6LL",Unclaimed,020 8692 3454
YHA London Lee Valley,"Windmill Lane
Cheshunt, Hertfordshire, GB, HRT, EN8 9AF",yha.org.uk,0845 371 9057
The Green Man - Bestplace Inn,"308 Edgware Road, London, GB, XGL, W2 1DY",Unclaimed,04402 0772 37980
Number8ight,"305 High Rd
Willesden, London, GB, XGL, NW10 2JT",Unclaimed,020 8459 8576
Hostel Fleming,"198 Brecknock Road, London, GB, XGL, N19 5BE",Unclaimed,020 7609 4282
Norwegian Ywca,"52 Holland Park, London, GB, XGL, W11 3RS",Unclaimed,020 7727 9897
Ex Service Fellowship,"New Belvedere House
White Horse Road, London, GB, XGL, E1 0ND",Unclaimed,020 7790 1474
Deep Blue Apartments,"Kingsgate House
12-50 Kingsgate Road, Kingston Upon Thames, GB, XGL, KT2 5AA",Unclaimed,0370 770 0778
Ashburnham Hostel,"75 Ashburnham Grove, London, GB, XGL, SE10 8UJ",Unclaimed,020 8692 5032
Museum Inn,"27 Montague Street, London, GB, XGL, WC1B 5BH",Unclaimed,020 7580 5360
Le Méridien Piccadilly,"21 Piccadilly, London, GB, XGL, W1J 0BH",marriott.com/hotels/travel/lon…,020 7734 8000
St Christopher&apos;s,"59-61 Borough High Street, London, GB, XGL, SE1 1NE",Unclaimed,020 7407 6266
St Louise,"33 Medway Street, London, GB, XGL, SW1P 2BE",Unclaimed,020 7222 2071
Barkston Rooms,"1 Barkston Gardens
Earls Court, London, GB, XGL, SW5 0ER",Unclaimed,0844 472 1800
Hotel Strand Continental,"143 Strand, London, GB, XGL, WC2R 1JA",strand-continental.co.uk,020 7836 4880
Queen Alexandras House,"Kensington Gore, London, GB, XGL, SW7 2QT",Unclaimed,020 7589 3635
Westmoor House Rehabilitation Centre,"244 Roehampton Lane, London, GB, XGL, SW15 4AA",Unclaimed,020 8780 5863
Pullman Hotel,"100 - 110 Euston Road, London, GB, XGL, NW1 2AJ",Unclaimed,020 7666 9000
Welcome Homestay UK,"102 Inchmery Rd, London, GB, LND, SE6 2ND",welcomehomestay.co.uk,07757 938037
Capitanio Sisters,"Nile Lodge
Queens Walk, London, GB, XGL, W5 1TJ",Unclaimed,020 8997 2296
Heritage Star,"54-58 Caledonian Road, London, GB, XGL, N1 9DP",Unclaimed,020 7833 3893
Club Quarters,"8 Northumberland Avenue
Trafalgar Square, London, GB, XGL, WC2N 5BY",clubquarters.com,020 7839 9333
The Georgian House,"37 St Georges Drive, London, GB, XGL, SW1V 4DG",georgianhousehotel.co.uk,020 7834 1438
Metrogate House,"3 Queens Gate Terrace, London, GB, XGL, SW7 5PE",Unclaimed,020 7823 7440
Columbia Hotel,"95-99 Lancaster Gate, London, GB, XGL, W2 3NS",Unclaimed,020 7402 0021
Church Army Emergency Hostel,"1-5 Cosway Street, London, GB, XGL, NW1 5NR",Unclaimed,020 7262 3818
Shenehom Housing Association,"31-32 Ranelagh Avenue, London, GB, XGL, SW13 0BN",Unclaimed,020 8878 8667
Classic Property,"Tulsi House
61 Carlton Grove, London, GB, XGL, SE15 2UD",Unclaimed,07932 656296
Keyworth Hostel,"10 Keyworth Street, London, GB, XGL, SE1 6NG",Unclaimed,020 7401 8950
YHA Rotherhithe,"20 Salter Road
Rotherhithe, London, GB, XGL, SE16 5PR",yha.org.uk/find-accommodation/…,0870 770 6010
Youth Hostels Association,"20 Salter Road, London, GB, XGL, SE16 5PR",Unclaimed,020 7232 2114
Local 33,"26 Mayflower Road, London, GB, XGL, SW9 9JZ",Unclaimed,020 7737 3107
Ned Kellys,"305 High Road, London, GB, XGL, NW10 2JT",Unclaimed,020 8459 6906
